,City,Country,Lat,Lng,Max Temp,Humidity,Cloudiness,Wind Speed,Current Weather
0,Tiksi,RU,71.6872,128.8694,41.5,74,100,5.77,overcast clouds
1,Georgetown,MY,5.4112,100.3354,84.13,70,20,4.61,few clouds
2,Saskylakh,RU,71.9167,114.0833,63.39,52,100,9.01,overcast clouds
3,Vila Velha,BR,-20.3297,-40.2925,84.15,61,0,10.36,clear sky
4,Krasnogorsk,RU,55.8225,37.3181,87.8,51,40,11.18,light intensity shower rain
5,Nikolskoye,RU,59.7035,30.7861,82.29,27,7,9.17,clear sky
6,Bluff,NZ,-46.6,168.3333,45.45,87,93,10.6,overcast clouds
7,Vaini,TO,-21.2,-175.2,73.56,94,20,5.75,few clouds
8,Cidreira,BR,-30.1811,-50.2056,51.57,55,1,23.49,clear sky
9,Vimperk,CZ,49.0586,13.7829,76.28,58,17,11.56,few clouds
10,Rocha,UY,-34.4833,-54.3333,45.77,90,78,28.83,broken clouds
11,Lagos,NG,6.5833,3.75,84.49,64,100,9.31,overcast clouds
12,Ushuaia,AR,-54.8,-68.3,40.66,70,75,17.27,light rain
13,New Norfolk,AU,-42.7826,147.0587,50.58,81,100,1.99,overcast clouds
14,Rikitea,PF,-23.1203,-134.9692,71.06,65,100,27.4,overcast clouds
15,Albany,US,42.6001,-73.9662,72.63,96,100,4.72,overcast clouds
16,Hermanus,ZA,-34.4187,19.2345,67.8,55,5,0.76,clear sky
17,Bure,ET,10.7,37.0667,61.92,90,96,2.01,light rain
18,Egvekinot,RU,66.3167,-179.1667,41.92,97,100,4.65,overcast clouds
19,Verkhnyaya Inta,RU,65.9811,60.3094,66.25,53,82,5.97,broken clouds
20,Arraial Do Cabo,BR,-22.9661,-42.0278,75.06,78,20,6.91,few clouds
21,Tuktoyaktuk,CA,69.4541,-133.0374,44.46,90,97,17.49,overcast clouds
22,Berlevag,NO,70.8578,29.0864,50.67,83,93,6.91,overcast clouds
23,Sri Aman,MY,1.2376,111.4621,77.07,85,47,1.61,scattered clouds
24,Kruisfontein,ZA,-34.0033,24.7314,76.89,19,0,7.83,clear sky
25,Flinders,AU,-34.5833,150.8552,51.21,73,17,1.01,few clouds
26,Kiama,AU,-34.6833,150.8667,49.44,72,13,5.01,few clouds
27,Darab,IR,28.7519,54.5444,77.38,81,100,6.35,overcast clouds
28,Pitkyaranta,RU,61.5734,31.4792,71.08,55,0,13.06,clear sky
29,Ibadan,NG,7.3878,3.8964,84.97,58,87,5.12,overcast clouds
30,Punta Arenas,CL,-53.15,-70.9167,39.31,81,90,16.11,light rain
31,Yellowknife,CA,62.456,-114.3525,51.57,76,69,3.0,broken clouds
32,Yumen,CN,40.2833,97.2,91.02,16,7,7.02,clear sky
33,Kaitangata,NZ,-46.2817,169.8464,45.23,91,99,6.96,overcast clouds
34,Meulaboh,ID,4.1363,96.1285,78.89,76,9,1.68,clear sky
35,Mataura,NZ,-46.1927,168.8643,42.46,97,84,4.14,broken clouds
36,Puerto Ayora,EC,-0.7393,-90.3518,70.56,97,98,10.0,light rain
37,Sangar,RU,63.9242,127.4739,57.34,66,100,1.36,overcast clouds
38,Shimoda,JP,34.6667,138.95,76.1,91,3,6.13,clear sky
39,Nova Vicosa,BR,-17.8919,-39.3719,79.95,52,0,6.8,clear sky
40,Cape Town,ZA,-33.9258,18.4232,74.1,39,1,7.36,clear sky
41,Thohoyandou,ZA,-22.9456,30.485,65.5,28,6,9.53,clear sky
42,Hilo,US,19.7297,-155.09,73.26,91,75,3.44,light rain
43,Vila Franca Do Campo,PT,37.7167,-25.4333,72.01,63,0,9.44,clear sky
44,Torbay,CA,47.6666,-52.7314,75.88,68,47,10.69,scattered clouds
45,North Platte,US,41.1239,-100.7654,76.37,79,40,7.0,scattered clouds
46,Thompson,CA,55.7435,-97.8558,52.93,59,100,7.52,overcast clouds
47,Chernyshevskiy,RU,63.0128,112.4714,63.0,66,99,9.98,overcast clouds
48,Bathsheba,BB,13.2167,-59.5167,84.81,74,75,18.41,broken clouds
49,Columbus,US,39.9612,-82.9988,76.33,69,40,3.44,scattered clouds
50,Adrar,MR,20.5022,-10.0711,112.98,7,8,13.82,clear sky
51,Quatre Cocos,MU,-20.2078,57.7625,72.09,72,53,17.22,broken clouds
52,Namatanai,PG,-3.6667,152.4333,78.51,84,100,4.68,overcast clouds
53,Irshava,UA,48.3167,23.0385,93.65,41,16,2.19,few clouds
54,Katsuura,JP,35.1333,140.3,82.11,93,68,9.1,broken clouds
55,Henties Bay,NA,-22.116,14.2845,81.77,31,3,2.06,clear sky
56,Tasiilaq,GL,65.6145,-37.6368,46.56,73,100,4.79,overcast clouds
57,Ostrovnoy,RU,68.0531,39.5131,68.09,62,100,14.05,overcast clouds
58,Thinadhoo,MV,0.5333,72.9333,82.9,69,17,2.06,few clouds
59,Namangan,UZ,40.9983,71.6726,82.85,42,20,2.3,few clouds
60,Faya,SA,18.3851,42.4509,75.72,32,88,12.55,overcast clouds
61,Takaka,NZ,-40.85,172.8,50.97,87,98,5.06,overcast clouds
62,Eau Claire,US,44.8114,-91.4985,75.45,79,1,3.44,clear sky
63,Bethel,US,41.3712,-73.414,77.52,91,95,5.3,overcast clouds
64,Havre-Saint-Pierre,CA,50.2334,-63.5986,71.96,60,1,8.05,clear sky
65,Coroata,BR,-4.13,-44.1242,88.72,53,83,1.5,broken clouds
66,Nhulunbuy,AU,-12.2333,136.7667,75.81,78,5,9.22,clear sky
67,Severodvinsk,RU,64.5635,39.8302,80.71,41,71,12.57,broken clouds
68,Banovici,BA,44.4053,18.5242,71.62,88,75,4.61,broken clouds
69,Jamestown,US,42.097,-79.2353,71.19,82,1,4.61,clear sky
70,Kapaa,US,22.0752,-159.319,79.12,81,75,16.11,light rain
71,Narsaq,GL,60.9167,-46.05,53.82,99,100,8.52,light rain
72,Nishihara,JP,26.1842,127.7558,83.48,79,20,12.66,few clouds
73,Ponta Do Sol,PT,32.6667,-17.1,84.7,70,1,2.55,clear sky
74,Jumla,NP,29.2747,82.1838,64.67,95,100,0.89,overcast clouds
75,Tual,ID,-5.6667,132.75,80.08,82,99,18.72,light rain
76,Atar,MR,20.5169,-13.0499,110.28,13,11,11.03,few clouds
77,Atuona,PF,-9.8,-139.0333,77.32,75,23,28.74,few clouds
78,Khatanga,RU,71.9667,102.5,63.46,69,100,7.43,overcast clouds
79,Souillac,MU,-20.5167,57.5167,72.36,88,40,16.11,scattered clouds
80,Bredasdorp,ZA,-34.5322,20.0403,74.52,38,3,5.75,clear sky
81,Khorixas,NA,-20.3667,14.9667,80.37,21,32,13.78,scattered clouds
82,Port-Cartier,CA,50.0334,-66.8654,75.42,52,47,2.1,scattered clouds
83,Elizabeth City,US,36.2946,-76.2511,85.01,81,40,5.01,scattered clouds
84,Pemberton,CA,50.3164,-122.8027,56.89,87,85,1.21,overcast clouds
85,Zalesovo,RU,53.9939,84.7431,61.02,90,100,7.34,overcast clouds
86,Los Llanos De Aridane,ES,28.6585,-17.9182,73.15,78,0,17.27,clear sky
87,Victoria,HK,22.2855,114.1577,84.38,87,100,1.99,light rain
88,Carnarvon,AU,-24.8667,113.6333,62.67,49,90,5.75,overcast clouds
89,Busselton,AU,-33.65,115.3333,49.08,75,1,9.48,clear sky
90,Bambous Virieux,MU,-20.3428,57.7575,72.21,88,40,16.11,scattered clouds
91,Ancud,CL,-41.8697,-73.8203,46.22,81,100,4.41,overcast clouds
92,Nabire,ID,-3.3667,135.4833,73.92,98,100,0.85,overcast clouds
93,Pevek,RU,69.7008,170.3133,36.23,84,100,3.04,overcast clouds
94,Port Alfred,ZA,-33.5906,26.891,69.42,48,46,16.37,scattered clouds
95,Tabou,CI,4.423,-7.3528,80.1,66,85,8.43,overcast clouds
96,Luganville,VU,-15.5333,167.1667,76.87,79,19,3.91,few clouds
97,Guerrero Negro,MX,27.9769,-114.0611,68.65,86,0,8.88,clear sky
98,Naze,JP,28.3667,129.4833,79.21,82,90,14.07,overcast clouds
99,Belyy Yar,RU,53.6039,91.3903,73.29,53,0,6.71,clear sky
100,East London,ZA,-33.0153,27.9116,68.94,52,0,12.66,clear sky
101,Mar Del Plata,AR,-38.0023,-57.5575,49.12,82,75,13.0,broken clouds
102,Labuhan,ID,-6.8844,112.2051,78.98,77,9,6.8,clear sky
103,Xinyu,CN,27.8043,114.9334,76.06,93,53,2.75,light rain
104,Roshchino,RU,60.2519,29.6085,83.44,47,0,9.93,clear sky
105,Pacific Grove,US,36.6177,-121.9166,60.46,95,90,3.0,mist
106,Arlit,NE,18.7369,7.3853,107.82,13,69,9.22,broken clouds
107,Kavieng,PG,-2.5744,150.7967,81.84,78,86,11.86,overcast clouds
108,Richmond,US,37.5538,-77.4603,81.99,82,1,7.0,clear sky
109,Ketchikan,US,55.3422,-131.6461,54.07,94,20,0.0,light rain
110,Bengkulu,ID,-3.8004,102.2655,77.81,87,12,3.87,few clouds
111,Port Elizabeth,ZA,-33.918,25.5701,78.1,59,0,10.36,clear sky
112,Saint-Philippe,RE,-21.3585,55.7679,70.21,86,61,15.26,light rain
113,Kundiawa,PG,-6.0167,144.9667,61.7,96,100,2.46,overcast clouds
114,Bluefields,NI,12.0137,-83.7635,84.27,84,75,4.61,broken clouds
115,Boras,SE,57.721,12.9401,69.84,41,98,10.58,overcast clouds
116,Lasa,IT,46.6166,10.7002,82.31,73,91,6.96,overcast clouds
117,Chuy,UY,-33.6971,-53.4616,43.2,89,100,24.9,light rain
118,Isangel,VU,-19.55,169.2667,75.54,86,74,3.0,broken clouds
119,Ilulissat,GL,69.2167,-51.1,53.62,54,75,5.75,broken clouds
120,La Maddalena,IT,41.2142,9.4083,93.25,74,11,19.8,few clouds
121,Tarakan,ID,3.3,117.6333,81.9,89,40,3.44,scattered clouds
122,Sur,OM,22.5667,59.5289,91.99,54,0,8.08,clear sky
123,Lebu,CL,-37.6167,-73.65,49.24,63,0,14.05,clear sky
124,Hithadhoo,MV,-0.6,73.0833,82.56,74,27,7.29,scattered clouds
125,Marsh Harbour,BS,26.5412,-77.0636,82.78,70,11,12.15,few clouds
126,Klaksvik,FO,62.2266,-6.589,52.72,85,10,4.52,clear sky
127,Dhidhdhoo,MV,6.8833,73.1,83.1,73,100,15.84,overcast clouds
128,Upernavik,GL,72.7868,-56.1549,39.79,78,40,14.18,scattered clouds
129,Longyearbyen,SJ,78.2186,15.6401,40.84,100,90,6.91,light intensity drizzle rain
130,Geraldton,AU,-28.7667,114.6,57.61,88,75,5.75,broken clouds
131,Poplar Bluff,US,36.757,-90.3929,76.73,92,90,0.0,overcast clouds
132,Kodiak,US,57.79,-152.4072,57.24,80,93,3.56,overcast clouds
133,Gambela,ET,8.25,34.5833,80.58,75,87,0.58,light rain
134,Tuatapere,NZ,-46.1333,167.6833,42.66,95,39,3.87,scattered clouds
135,Sol-Iletsk,RU,51.1631,54.9918,90.25,30,75,5.3,broken clouds
136,Alyangula,AU,-13.8483,136.4192,69.75,75,99,8.34,overcast clouds
137,Monreal,PH,12.644,123.6648,82.11,82,100,10.92,overcast clouds
138,Ocos,GT,14.5094,-92.1933,91.69,74,12,4.05,few clouds
139,Srednekolymsk,RU,67.45,153.6833,48.52,51,100,8.12,overcast clouds
140,Khandyga,RU,62.6667,135.6,57.02,46,0,3.27,clear sky
141,Saint-Augustin,CA,51.226,-58.6502,72.41,42,0,12.26,clear sky
142,Kiunga,PG,-6.1219,141.2906,73.45,99,99,2.39,moderate rain
143,Lompoc,US,34.6391,-120.4579,58.51,96,90,0.0,mist
144,Vredendal,ZA,-31.6683,18.5012,81.39,18,0,10.25,clear sky
145,Hambantota,LK,6.1241,81.1185,81.1,74,66,21.56,broken clouds
146,Alice,US,27.7523,-98.0697,85.57,91,1,6.91,clear sky
147,Saint George,US,37.1041,-113.5841,87.35,47,1,4.61,clear sky
148,Pingshan,CN,22.9938,114.7131,79.03,81,100,4.38,overcast clouds
149,Shingu,JP,33.7333,135.9833,78.91,94,65,3.11,broken clouds
150,Mount Gambier,AU,-37.8333,140.7667,46.22,98,100,5.06,light rain
151,Qaanaaq,GL,77.484,-69.3632,35.8,87,100,6.44,overcast clouds
152,Tiznit,MA,29.5833,-9.5,104.76,9,4,16.26,clear sky
153,Karratha,AU,-20.7377,116.8463,70.03,44,0,4.47,light rain
154,Kentau,KZ,43.5206,68.5094,93.51,14,10,7.58,clear sky
155,Porto Novo,BJ,6.4965,2.6036,84.02,61,68,11.72,broken clouds
156,Mareeba,AU,-17.0,145.4333,65.12,72,98,2.48,overcast clouds
157,Mariana,BR,-20.3778,-43.4161,83.07,29,6,3.2,clear sky
158,Chokurdakh,RU,70.6333,147.9167,40.91,75,76,9.08,broken clouds
159,Kurchum,KZ,48.5722,83.6542,77.81,30,100,4.23,overcast clouds
160,Podor,MR,16.6527,-14.9587,100.29,28,19,5.59,few clouds
161,Iqaluit,CA,63.7506,-68.5145,46.13,61,75,8.01,broken clouds
162,Linhai,CN,28.85,121.1167,80.08,96,100,2.55,overcast clouds
163,Chara,RU,56.9064,118.2631,67.75,57,99,3.62,overcast clouds
164,Aldan,RU,58.6031,125.3894,65.84,61,100,5.08,overcast clouds
165,Killybegs,IE,54.6333,-8.45,66.45,75,25,7.36,scattered clouds
166,Puerto Madero,MX,14.7208,-92.4215,80.8,83,1,0.0,clear sky
167,Chesapeake,US,36.819,-76.2749,84.24,74,40,1.99,scattered clouds
168,Comodoro Rivadavia,AR,-45.8667,-67.5,46.26,49,0,3.44,clear sky
169,Kahului,US,20.8947,-156.47,76.84,86,1,12.66,clear sky
170,San Jose,US,37.3394,-121.895,63.72,82,20,3.44,few clouds
171,Butaritari,KI,3.0707,172.7902,82.54,78,96,12.35,moderate rain
172,Kilindoni,TZ,-7.9139,39.6668,77.67,68,27,17.09,scattered clouds
173,Kidal,ML,18.4411,1.4078,106.79,16,62,8.86,broken clouds
174,Castro,BR,-24.7911,-50.0119,52.16,58,8,11.32,clear sky
175,Hobart,AU,-42.8794,147.3294,50.92,81,100,1.99,overcast clouds
176,Sorland,NO,67.667,12.6934,51.66,82,75,11.5,broken clouds
177,Praia Da Vitoria,PT,38.7333,-27.0667,71.85,78,75,7.02,broken clouds
178,Anori,BR,-3.7728,-61.6442,87.53,56,8,4.34,clear sky
179,Leningradskiy,RU,69.3833,178.4167,36.57,94,100,10.4,moderate rain
180,Quelimane,MZ,-17.8786,36.8883,75.15,64,75,16.11,light rain
181,Fort Nelson,CA,58.8053,-122.7002,47.79,93,90,3.44,mist
182,Pampa,US,35.5362,-100.9599,77.95,83,1,4.61,clear sky
183,Ekibastuz,KZ,51.6667,75.3667,72.88,45,16,10.11,few clouds
184,Nantucket,US,41.2835,-70.0995,78.26,97,90,10.36,overcast clouds
185,Rio Grande,BR,-32.035,-52.0986,48.94,65,36,28.27,scattered clouds
186,Markova,UA,48.6758,24.4138,85.59,56,28,5.82,scattered clouds
187,Talcahuano,CL,-36.7167,-73.1167,47.88,53,0,11.5,clear sky
188,Paita,PE,-5.0892,-81.1144,70.36,82,89,12.17,overcast clouds
189,Barcelos,PT,41.5388,-8.6151,75.85,55,7,9.73,clear sky
190,Chapais,CA,49.7834,-74.8492,71.38,48,0,5.53,clear sky
191,Esso,RU,55.9333,158.7,51.94,100,100,3.74,overcast clouds
192,Blagoyevo,RU,63.3667,47.9167,73.54,45,100,3.56,overcast clouds
193,Lubango,AO,-14.9172,13.4925,75.69,21,2,5.86,clear sky
194,Howard Springs,AU,-12.497,131.047,75.11,87,55,3.42,broken clouds
195,La Crosse,US,43.8014,-91.2396,73.56,84,1,0.0,clear sky
196,Ilsede,DE,52.2667,10.2,82.17,45,13,10.78,few clouds
197,Hastings,GB,50.8552,0.5729,88.54,64,4,1.95,clear sky
198,Hualmay,PE,-11.0964,-77.6139,65.07,75,40,8.95,scattered clouds
199,Ola,RU,59.5833,151.2833,55.72,88,100,5.97,overcast clouds
200,Saint-Joseph,RE,-21.3667,55.6167,69.21,82,49,15.37,light rain
201,Campobasso,IT,41.6333,14.5833,78.82,64,100,9.13,overcast clouds
202,Zhigansk,RU,66.7697,123.3711,53.8,52,100,3.96,overcast clouds
203,Ipaba,BR,-19.4136,-42.4194,78.94,57,0,5.75,clear sky
204,Itarema,BR,-2.9248,-39.9167,87.73,54,18,13.0,few clouds
205,Pitimbu,BR,-7.4706,-34.8086,81.19,68,36,13.29,scattered clouds
206,Esperance,AU,-33.8667,121.9,55.09,80,19,11.52,few clouds
207,Vasudevanallur,IN,9.2333,77.4167,79.2,70,100,9.57,overcast clouds
208,Sao Jose Da Coroa Grande,BR,-8.8978,-35.1478,80.8,70,19,10.36,few clouds
209,College,US,64.8569,-147.8028,62.58,74,75,4.61,haze
210,Pangnirtung,CA,66.1451,-65.7125,53.58,68,100,3.47,overcast clouds
211,Cherskiy,RU,68.75,161.3,45.73,61,100,4.65,overcast clouds
212,Mochishche,RU,55.1586,83.1229,62.02,98,100,5.46,overcast clouds
213,Marawi,PH,7.9986,124.2928,70.65,87,100,4.38,moderate rain
214,Tautira,PF,-17.7333,-149.15,71.62,77,100,24.92,moderate rain
215,Owando,CG,-0.4819,15.8999,97.29,24,16,4.29,few clouds
216,Yulara,AU,-25.2406,130.9889,48.04,61,0,4.61,clear sky
217,Topolobampo,MX,25.6,-109.05,82.11,74,92,5.77,overcast clouds
218,Dikson,RU,73.5069,80.5464,35.89,85,21,11.3,few clouds
219,Huntly,GB,57.4474,-2.7861,66.61,78,99,6.33,overcast clouds
220,Kourou,GF,5.1552,-52.6478,87.85,65,82,6.46,broken clouds
221,Malartic,CA,48.1335,-78.1328,71.71,85,33,6.46,scattered clouds
222,Komsomolskiy,UZ,40.4272,71.7189,83.12,44,100,4.61,overcast clouds
223,Kushiro,JP,42.975,144.3747,69.75,82,0,0.27,clear sky
224,Llanes,ES,43.4198,-4.7549,80.28,74,0,8.05,clear sky
225,Lhokseumawe,ID,5.1801,97.1507,80.85,78,66,0.78,broken clouds
226,Grindavik,IS,63.8424,-22.4338,49.55,87,90,8.05,overcast clouds
227,Ribeira Grande,PT,38.5167,-28.7,73.8,68,20,16.11,few clouds
228,Saquena,PE,-4.6667,-73.5167,80.04,77,57,0.85,broken clouds
229,Halifax,CA,44.6453,-63.5724,79.52,67,93,1.01,overcast clouds
230,Byron Bay,AU,-28.65,153.6167,52.72,67,94,5.14,overcast clouds
231,Meiganga,CM,6.5167,14.3,74.68,84,96,6.11,moderate rain
232,Tiarei,PF,-17.5333,-149.3333,71.62,78,100,25.19,moderate rain
233,Hami,CN,42.8,93.45,80.83,32,100,15.01,overcast clouds
234,Lebanon,US,36.2081,-86.2911,78.13,87,90,9.22,overcast clouds
235,Romanovka,RU,51.7443,42.7527,85.75,42,84,4.14,broken clouds
236,Antsohihy,MG,-14.8796,47.9875,82.13,45,65,4.56,broken clouds
237,Barrow,US,71.2906,-156.7887,48.22,93,90,12.66,overcast clouds
238,Sibolga,ID,1.7427,98.7792,76.75,77,36,2.66,scattered clouds
239,Pisco,PE,-13.7,-76.2167,62.65,82,90,4.61,overcast clouds
240,Fandriana,MG,-20.2333,47.3833,58.1,83,51,7.36,broken clouds
241,Grebanu,RO,45.3833,26.9667,90.68,31,1,10.65,clear sky
242,Bundaberg,AU,-24.85,152.35,51.22,62,0,3.44,clear sky
243,Kaspiysk,RU,42.8816,47.6392,84.24,74,20,8.99,few clouds
244,Ballina,AU,-28.8667,153.5667,52.79,69,86,4.76,overcast clouds
245,Sergeyevka,KZ,53.88,67.4158,69.19,67,80,4.54,broken clouds
246,Hirara,JP,24.8,125.2833,83.68,81,94,13.89,overcast clouds
247,Acari,PE,-15.4311,-74.6158,69.24,59,21,4.21,few clouds
248,Birchis,RO,45.9667,22.1667,78.24,32,33,6.67,scattered clouds
249,Morehead,US,37.2711,-87.1764,78.15,91,75,0.0,broken clouds
250,Alexandria,EG,31.2156,29.9553,83.86,63,0,12.57,clear sky
251,Makakilo City,US,21.3469,-158.0858,77.32,70,75,4.61,broken clouds
252,Aktash,RU,50.3,87.7333,49.33,63,100,3.65,overcast clouds
253,Arrifes,PT,37.7667,-25.7,70.05,73,20,12.66,few clouds
254,Lensk,RU,60.7253,114.9278,69.62,77,93,5.35,overcast clouds
255,San Cristobal,VE,7.7669,-72.225,80.78,57,42,8.37,scattered clouds
256,Samarai,PG,-10.6167,150.6667,79.43,82,100,15.95,overcast clouds
257,Saldanha,ZA,-33.0117,17.9442,75.25,51,0,14.7,clear sky
258,Lavrentiya,RU,65.5833,-171.0,43.86,98,99,8.46,overcast clouds
259,Beloha,MG,-25.1667,45.05,76.35,53,0,10.47,clear sky
260,Airai,TL,-8.9266,125.4092,57.63,67,76,3.2,light rain
261,Kingman,US,35.1894,-114.053,85.19,44,1,0.0,clear sky
262,Ferrol,ES,43.4832,-8.2369,86.25,78,11,6.44,few clouds
263,Pabna,BD,24.0,89.25,85.15,79,100,5.14,very heavy rain
264,Sao Joao Da Barra,BR,-21.6403,-41.0511,80.69,65,0,4.38,clear sky
265,Poum,NC,-20.2333,164.0167,73.83,82,42,18.19,scattered clouds
266,Blairmore,CA,49.6,-114.4353,56.79,88,59,6.91,broken clouds
267,Araouane,ML,18.9048,-3.5265,108.59,15,5,5.3,clear sky
268,Christchurch,NZ,-43.5333,172.6333,47.91,93,75,1.99,broken clouds
269,Bilibino,RU,68.0546,166.4372,43.92,78,100,2.39,overcast clouds
270,Clyde River,CA,70.4692,-68.5914,41.23,70,90,18.41,overcast clouds
271,Aklavik,CA,68.2191,-135.0107,56.23,82,90,10.36,overcast clouds
272,Tianmen,CN,30.6516,113.1603,78.3,91,92,5.77,moderate rain
273,Itzehoe,DE,53.921,9.5153,77.4,64,16,15.26,few clouds
274,Solnechnyy,RU,50.7214,136.6319,68.81,77,100,3.87,overcast clouds
275,Najran,SA,17.4924,44.1277,90.25,26,96,17.81,overcast clouds
276,Puerto Colombia,CO,10.9878,-74.9547,84.29,71,96,11.79,overcast clouds
277,Portland,US,45.5234,-122.6762,60.78,81,20,1.01,few clouds
278,Palembang,ID,-2.9167,104.7458,80.69,78,20,4.61,few clouds
279,Korla,CN,41.7597,86.1469,82.02,26,0,12.57,clear sky
280,Noumea,NC,-22.2763,166.4572,73.99,99,100,9.24,overcast clouds
281,Fortuna,US,40.5982,-124.1573,53.92,91,34,1.01,scattered clouds
282,Qinhuangdao,CN,39.9317,119.5883,73.09,91,92,1.54,overcast clouds
283,Salalah,OM,17.0151,54.0924,78.89,89,90,8.05,overcast clouds
284,Lake Station,US,41.575,-87.2389,76.98,78,40,1.99,scattered clouds
285,Faanui,PF,-16.4833,-151.75,79.18,71,99,22.44,light rain
286,Anatoli,GR,39.6389,20.8653,78.55,57,24,10.36,few clouds
287,Dawlatabad,AF,36.4141,64.9053,97.09,11,88,3.56,overcast clouds
288,Vitim,RU,59.4511,112.5578,60.75,94,100,6.08,moderate rain
289,Hudiksvall,SE,61.729,17.1036,70.52,43,36,17.4,scattered clouds
290,Steinbach,DE,50.1667,8.5667,85.33,44,0,6.91,clear sky
291,Sechura,PE,-5.5569,-80.8222,66.83,77,98,12.59,overcast clouds
292,Dingle,PH,10.9995,122.6711,77.77,86,100,6.69,overcast clouds
293,Mitu,CO,1.1983,-70.1733,76.23,93,92,3.74,overcast clouds
294,Inhambane,MZ,-23.865,35.3833,67.98,83,40,9.22,light rain
295,Alofi,NU,-19.0595,-169.9187,73.29,94,14,6.91,few clouds
296,Revda,RU,56.801,59.9303,65.21,75,100,6.85,overcast clouds
297,Acapulco,MX,16.8634,-99.8901,80.42,89,75,4.61,broken clouds
298,Labrea,BR,-7.2586,-64.7981,89.76,44,0,2.71,clear sky
299,Boyolangu,ID,-8.1181,111.8935,74.61,87,57,5.7,broken clouds
300,Juneau,US,58.3019,-134.4197,59.22,89,75,12.66,light rain
301,Bafoulabe,ML,13.8065,-10.8321,99.46,35,13,2.77,few clouds
302,Provideniya,RU,64.3833,-173.3,46.49,99,100,5.17,overcast clouds
303,Neuquen,AR,-38.9516,-68.0591,33.69,64,0,3.44,clear sky
304,Bonthe,SL,7.5264,-12.505,81.21,77,100,6.53,light rain
305,Touros,BR,-5.1989,-35.4608,83.3,68,82,15.08,broken clouds
306,Uusikaupunki,FI,60.8004,21.4084,68.52,52,0,15.97,clear sky
307,Aksu,CN,41.1231,80.2644,88.23,21,40,4.97,scattered clouds
308,Puerto Madryn,AR,-42.7692,-65.0385,43.0,59,3,15.35,clear sky
309,Vestmannaeyjar,IS,63.4427,-20.2734,50.99,87,90,14.97,overcast clouds
310,Springfield,US,37.2153,-93.2982,74.19,98,90,3.0,overcast clouds
311,Bukachacha,RU,52.9833,116.9167,60.39,83,100,3.65,overcast clouds
312,Alvaraes,BR,-3.2208,-64.8042,85.87,61,8,3.89,clear sky
313,Zomin,UZ,39.9606,68.3958,88.92,35,20,10.0,few clouds
314,Sao Luiz Gonzaga,BR,-28.4083,-54.9608,47.93,50,0,13.71,clear sky
315,Popondetta,PG,-8.7537,148.2534,72.21,97,100,3.89,overcast clouds
316,Port Said,EG,31.2565,32.2841,82.62,65,0,17.31,clear sky
317,Nouadhibou,MR,20.931,-17.0347,73.38,83,40,14.97,scattered clouds
318,Laguna,US,38.421,-121.4238,80.24,63,1,1.99,clear sky
319,Kieta,PG,-6.2167,155.6333,79.45,81,100,4.18,overcast clouds
320,Great Falls,US,47.5002,-111.3008,65.59,48,1,8.05,clear sky
321,Constitucion,CL,-35.3333,-72.4167,50.18,47,0,5.79,clear sky
322,Oyama,JP,36.3,139.8,84.58,74,6,5.5,clear sky
323,Golden,US,39.7555,-105.2211,80.78,56,1,4.61,clear sky
324,Bambey,SN,14.6955,-16.4493,88.57,42,74,2.39,broken clouds
325,Altus,US,34.6381,-99.334,74.71,94,90,6.91,thunderstorm with rain
326,Sola,VU,-13.8833,167.55,79.81,73,53,14.99,broken clouds
327,Avarua,CK,-21.2078,-159.775,75.25,83,20,9.22,few clouds
328,Aykhal,RU,66.0,111.5,60.8,79,100,18.43,overcast clouds
329,Anyang,CN,36.0994,114.3289,74.12,96,92,9.64,moderate rain
330,Zacatepec,MX,18.65,-99.2,74.17,83,0,0.85,clear sky
331,Tazovskiy,RU,67.4667,78.7,49.82,59,5,5.95,clear sky
332,Surt,LY,31.2089,16.5887,82.13,55,0,13.06,clear sky
333,Korgen,NO,66.0771,13.8153,54.93,94,100,5.64,overcast clouds
334,Bowen,AU,-20.0167,148.2333,61.34,69,21,5.99,few clouds
335,Amuntai,ID,-2.4177,115.2494,77.54,83,92,1.97,overcast clouds
336,Binga,ZW,-17.6203,27.3414,74.48,32,3,6.26,clear sky
337,Prainha,BR,-1.8,-53.48,85.19,60,46,4.59,scattered clouds
338,Ahipara,NZ,-35.1667,173.1667,56.26,90,19,16.75,few clouds
339,Mirador,BR,-6.3708,-44.3631,93.65,28,2,8.37,clear sky
340,Vieux Fort,LC,13.7167,-60.95,85.23,79,75,19.57,broken clouds
341,Nouakchott,MR,18.0858,-15.9785,84.13,71,8,14.03,clear sky
342,Lesnoy,RU,57.6198,63.0784,68.9,64,97,3.83,overcast clouds
343,Agadez,NE,19.75,10.25,108.43,9,9,9.64,clear sky
344,Chai Badan,TH,15.2,101.1333,81.84,74,100,12.5,overcast clouds
345,Muzhi,RU,65.3667,64.6667,69.94,52,47,11.05,scattered clouds
346,Ca Mau,VN,9.1769,105.15,76.3,85,100,2.95,overcast clouds
347,Urengoy,RU,65.9667,78.3667,62.06,49,35,3.22,scattered clouds
348,Baruun-Urt,MN,46.6806,113.2792,62.02,88,1,7.02,clear sky
349,Sakakah,SA,29.9697,40.2064,112.57,9,0,1.1,clear sky
350,Norman Wells,CA,65.282,-126.8329,60.84,59,20,4.61,few clouds
351,Kousseri,CM,12.0769,15.0306,89.56,51,20,11.5,few clouds
352,Garowe,SO,8.4054,48.4845,86.27,35,100,27.83,overcast clouds
353,Sartana,UA,47.1744,37.6927,87.85,100,0,5.14,clear sky
354,Saint-Junien,FR,45.8833,0.9,83.34,40,0,9.48,clear sky
355,Lanxi,CN,29.2195,119.477,77.68,87,100,2.82,overcast clouds
356,Kigoma,TZ,-4.8769,29.6267,77.61,46,97,10.33,overcast clouds
357,Caravelas,BR,-17.7125,-39.2481,81.18,47,0,7.4,clear sky
358,Hasaki,JP,35.7333,140.8333,77.29,92,22,11.68,few clouds
359,Grand-Lahou,CI,5.1367,-5.0242,80.33,67,97,8.84,overcast clouds
360,Sarti,GR,40.1,23.9833,82.53,68,0,11.25,clear sky
361,Huilong,CN,31.8111,121.655,80.98,89,5,9.84,clear sky
362,Chokwe,MZ,-24.5333,32.9833,69.84,44,53,12.55,broken clouds
363,Vangaindrano,MG,-23.35,47.6,68.41,89,89,4.54,light rain
364,Cariamanga,EC,-4.3333,-79.55,56.17,84,99,4.38,light rain
365,Rawson,AR,-43.3002,-65.1023,42.57,58,7,13.94,clear sky
366,Codrington,AU,-38.2667,141.9667,46.89,95,100,8.63,overcast clouds
367,Ankazobe,MG,-18.3167,47.1167,66.61,51,49,12.39,scattered clouds
368,Hobyo,SO,5.3505,48.5268,79.18,73,93,28.3,overcast clouds
369,Saint Marys,US,30.7305,-81.5465,88.05,75,1,1.99,clear sky
370,Port Moresby,PG,-9.4431,147.1797,75.9,89,37,6.35,scattered clouds
371,Nushki,PK,29.5542,66.0215,104.25,16,10,14.2,clear sky
372,Yima,CN,34.7381,111.8839,73.76,88,100,11.86,light rain
373,Vardo,NO,70.3705,31.1107,52.25,80,99,12.24,overcast clouds
374,Okhotsk,RU,59.3833,143.3,62.08,80,17,6.11,few clouds
375,Beberibe,BR,-4.1797,-38.1306,87.17,60,14,11.99,few clouds
376,Zhangye,CN,38.9342,100.4517,89.19,20,13,9.66,few clouds
377,Rancho Palos Verdes,US,33.7445,-118.387,76.21,90,75,1.99,broken clouds
378,Cine,TR,37.6117,28.0614,92.61,15,0,15.86,clear sky
379,Chifeng,CN,42.2683,118.9636,74.17,75,97,6.42,overcast clouds
380,Talnakh,RU,69.4865,88.3972,55.72,76,100,6.4,overcast clouds
381,Khani,GE,41.9563,42.9566,81.97,39,14,0.87,few clouds
382,Saint Anthony,US,45.0205,-93.218,78.31,72,1,1.01,clear sky
383,Husavik,IS,66.0449,-17.3389,73.31,71,7,5.73,clear sky
384,Dakar,SN,14.6937,-17.4441,88.68,82,80,9.33,broken clouds
385,Natal,BR,-5.795,-35.2094,84.42,65,75,13.8,broken clouds
386,Bandarbeyla,SO,9.4942,50.8122,80.8,68,94,30.2,overcast clouds
387,Camacha,PT,33.0833,-16.3333,77.76,68,20,18.41,few clouds
388,Ambon,ID,-3.6954,128.1814,77.09,85,100,8.68,light rain
389,Dudinka,RU,69.4058,86.1778,55.08,59,79,7.31,broken clouds
390,Palmer,US,42.1584,-72.3287,74.68,86,90,3.44,overcast clouds
391,Adre,TD,13.4667,22.2,78.19,70,96,7.2,overcast clouds
392,Pechenizhyn,UA,48.5155,24.8942,87.19,47,30,7.38,scattered clouds
393,Avera,US,33.194,-82.5271,82.27,72,100,3.33,overcast clouds
394,Whitehorse,CA,60.7161,-135.0538,48.97,70,20,0.0,few clouds
395,Pushkino,RU,56.0172,37.8667,87.21,47,100,4.99,light rain
396,Coahuayana,MX,18.7333,-103.6833,81.88,77,96,2.21,overcast clouds
397,San Patricio,US,28.017,-97.5169,87.66,76,3,5.1,clear sky
398,Darhan,MN,49.4867,105.9228,61.02,91,100,11.83,overcast clouds
399,Juba,SS,4.8517,31.5825,77.72,73,100,5.66,light rain
400,Batagay,RU,67.6333,134.6333,48.97,53,25,4.5,scattered clouds
401,Biskamzha,RU,53.4497,89.5272,61.56,72,95,2.71,overcast clouds
402,Pointe Michel,DM,15.25,-61.3833,85.14,89,75,4.61,broken clouds
403,Kalanwali,IN,29.85,74.95,95.65,52,100,16.06,overcast clouds
404,Bilma,NE,18.6853,12.9164,107.01,12,96,5.44,overcast clouds
405,Butembo,CD,0.15,29.2833,66.09,82,100,2.51,light rain
406,Mackenzie,CA,55.2999,-123.1698,52.02,82,75,3.96,broken clouds
407,Richards Bay,ZA,-28.783,32.0377,67.66,56,0,5.86,clear sky
408,Hanyang,CN,32.1371,105.5126,74.98,91,1,2.55,clear sky
409,Gilgit,PK,35.9221,74.3087,95.32,32,71,1.48,broken clouds
410,Lata,PT,40.1629,-8.3327,86.49,46,0,11.61,clear sky
411,Sant Feliu De Guixols,ES,41.7833,3.0333,96.64,47,0,9.78,clear sky
412,Namibe,AO,-15.1961,12.1522,73.51,73,5,10.83,clear sky
413,Wieliczka,PL,49.9874,20.0647,78.69,82,100,9.06,overcast clouds
414,Necochea,AR,-38.5473,-58.7368,48.04,69,8,26.53,clear sky
415,Acarau,BR,-2.8856,-40.12,87.53,56,13,11.86,few clouds
416,Nanortalik,GL,60.1432,-45.2371,49.05,95,100,17.56,moderate rain
417,Santa Fe,AR,-31.6333,-60.7,52.02,53,0,5.99,clear sky
418,Presidencia Roque Saenz Pena,AR,-26.7852,-60.4388,54.52,26,0,8.97,clear sky
419,Dekar,BW,-21.5333,21.9333,68.07,19,0,9.93,clear sky
420,Majene,ID,-3.5403,118.9707,78.66,88,47,9.84,scattered clouds
421,Marrakesh,MA,31.6315,-8.0083,105.87,9,20,8.05,few clouds
422,Kamakwie,SL,9.5,-12.2333,84.92,70,86,2.3,overcast clouds
423,Bogashevo,RU,56.3683,85.1447,60.75,98,75,4.47,moderate rain
424,Marovoay,MG,-16.1,46.6333,80.74,35,19,2.28,few clouds
425,Saint-Pierre,RE,-21.3393,55.4781,70.29,87,75,18.41,mist
426,Buchanan,LR,5.8808,-10.0467,80.56,79,100,11.72,light rain
427,Black Diamond,US,47.3087,-122.0032,59.99,88,56,0.43,broken clouds
428,Kargasok,RU,59.0556,80.8572,60.37,82,52,5.32,broken clouds
429,Lorengau,PG,-2.0226,147.2712,80.42,78,100,4.09,overcast clouds
430,Padang,ID,-0.9492,100.3543,80.65,85,27,1.54,scattered clouds
431,Sfantu Gheorghe,RO,45.8667,25.7833,86.58,48,62,7.31,broken clouds
432,Cabo San Lucas,MX,22.8909,-109.9124,83.52,80,94,5.01,overcast clouds
433,Alcantara,BR,-2.4089,-44.4147,88.0,64,18,7.49,few clouds
434,Eydhafushi,MV,5.1033,73.0708,81.81,77,100,13.76,overcast clouds
435,Chipinge,ZW,-20.1883,32.6236,61.0,30,23,6.98,few clouds
436,Nata,PA,8.3333,-80.5167,80.47,81,97,3.47,overcast clouds
437,Calama,CL,-22.4667,-68.9333,55.89,11,100,19.57,overcast clouds
438,Roma,US,43.2128,-75.4557,66.85,93,90,5.75,overcast clouds
439,Marquette,US,46.5333,-87.6335,75.78,64,2,4.68,clear sky
440,Ballachulish,GB,56.6774,-5.1308,69.31,63,100,4.88,overcast clouds
441,Finschhafen,PG,-6.6024,147.8681,78.26,84,70,5.01,broken clouds
442,Colares,PT,38.7992,-9.4469,77.99,53,20,16.11,few clouds
443,Kamareddi,IN,18.3167,78.35,79.48,80,43,4.61,scattered clouds
444,Rongcheng,CN,30.634,117.8517,75.74,90,91,2.98,light rain
445,Finote Selam,ET,10.7,37.2667,63.3,89,100,0.47,light rain
446,Yangjiang,CN,21.85,111.9667,78.94,85,100,3.87,overcast clouds
447,Prokhorovka,RU,51.0374,36.7325,89.17,44,49,7.31,scattered clouds
448,Cabedelo,BR,-6.9811,-34.8339,81.27,70,23,14.9,few clouds
449,Port Augusta,AU,-32.5,137.7667,41.14,55,100,5.5,overcast clouds
450,Warrnambool,AU,-38.3833,142.4833,49.8,89,100,11.21,overcast clouds
451,Cam Ranh,VN,11.9214,109.1591,78.76,89,40,4.61,scattered clouds
452,Lewiston,US,44.1003,-70.2148,65.91,99,90,1.01,moderate rain
453,Pontianak,ID,-0.0333,109.3333,80.58,89,20,0.0,few clouds
454,Te Anau,NZ,-45.4167,167.7167,41.76,93,87,1.57,overcast clouds
455,Marana,US,32.4367,-111.2254,84.79,69,90,11.5,overcast clouds
456,Mangrol,IN,21.1167,70.1167,83.91,79,100,20.07,overcast clouds
457,Ozinki,RU,51.1786,49.6769,90.63,33,42,3.89,scattered clouds
458,Kupang,ID,-10.1667,123.5833,76.39,76,63,11.01,broken clouds
459,Solvychegodsk,RU,61.3305,46.9156,79.07,35,2,2.98,clear sky
460,Kyshtovka,RU,56.555,76.6271,61.47,82,45,4.63,scattered clouds
461,Chumikan,RU,54.7183,135.315,63.59,64,0,5.08,clear sky
462,Tianpeng,CN,30.9866,103.9393,81.07,87,8,4.9,clear sky
463,Rudbar,AF,30.15,62.6,108.34,11,36,20.8,scattered clouds
464,La Ligua,CL,-32.4524,-71.2311,58.78,7,27,0.89,scattered clouds
465,Kawalu,ID,-7.3817,108.2082,71.73,92,67,1.9,broken clouds
466,Vostok,RU,46.4856,135.8833,66.81,81,0,3.67,clear sky
467,Ujhani,IN,28.0167,79.0167,82.9,76,100,7.99,moderate rain
468,Tromso,NO,69.6496,18.957,59.65,71,75,18.41,broken clouds
469,Severo-Kurilsk,RU,50.6789,156.125,53.28,98,100,7.94,overcast clouds
470,Yara,CU,20.2753,-76.9533,82.22,73,100,7.58,overcast clouds
471,Awbari,LY,26.5921,12.7805,101.19,14,0,11.23,clear sky
472,Chitose,JP,42.8194,141.6522,74.1,88,20,2.3,few clouds
473,Gurlan,UZ,41.8447,60.3919,100.31,11,0,9.13,clear sky
474,Riachao,BR,-7.3619,-46.6172,92.91,21,0,7.16,clear sky
475,Key West,US,24.5557,-81.7826,88.0,70,20,13.8,few clouds
476,Ardakan,IR,32.31,54.0175,97.18,22,6,6.29,clear sky
477,Kushmurun,KZ,52.4503,64.6311,75.31,47,2,6.22,clear sky
478,Mahebourg,MU,-20.4081,57.7,73.26,88,40,16.11,scattered clouds
479,Gifhorn,DE,52.4833,10.55,82.35,56,20,9.22,few clouds
480,Yarmouth,US,41.7057,-70.2286,80.19,93,20,5.99,mist
481,Holland,US,42.7875,-86.1089,76.01,54,1,4.61,clear sky
482,Algiers,DZ,36.7525,3.042,84.02,42,0,12.66,clear sky
483,Baykit,RU,61.67,96.37,58.53,90,65,3.87,broken clouds
484,Margate,GB,51.3813,1.3862,87.85,73,1,6.76,clear sky
485,Marsa Matruh,EG,31.3525,27.2453,82.92,64,0,13.51,clear sky
486,Riyadh,SA,24.6877,46.7219,100.54,37,100,8.57,overcast clouds
487,Verkhnyaya Khava,RU,51.8404,39.9413,93.27,38,10,1.1,clear sky
488,Daru,PG,-9.0763,143.2092,77.45,89,99,15.52,overcast clouds
489,Pozo Colorado,PY,-23.4923,-58.7972,58.78,23,100,11.39,overcast clouds
490,Kulhudhuffushi,MV,6.6221,73.07,82.96,72,100,15.43,overcast clouds
491,Teluk Nibung,ID,3.001,99.8164,79.41,82,20,3.51,few clouds
492,Stornoway,GB,58.2093,-6.3865,58.96,82,75,10.36,broken clouds
493,Kyra,RU,49.5776,111.9753,59.61,93,0,2.44,clear sky
494,Zyryanka,RU,65.75,150.85,42.06,71,6,5.75,clear sky
495,Balkanabat,TM,39.5108,54.3671,103.62,12,6,3.74,clear sky
496,Valentin Gomez Farias,MX,28.2167,-106.5833,73.58,54,39,4.25,scattered clouds
497,Gat,IL,31.61,34.7642,100.4,43,0,13.91,clear sky
498,Tamiahua,MX,21.2667,-97.45,79.61,80,47,4.56,scattered clouds
499,Matara,LK,5.9485,80.5353,79.43,84,23,15.35,few clouds
500,Cedar City,US,37.6775,-113.0619,74.17,41,1,9.22,clear sky
501,Honningsvag,NO,70.9821,25.9704,48.79,91,90,15.14,overcast clouds
502,Syedove,UA,47.0768,38.156,88.0,49,0,6.8,clear sky
503,Biltine,TD,14.5333,20.9167,92.8,36,25,9.51,scattered clouds
504,Ankang,CN,32.68,109.0172,78.4,85,97,3.22,overcast clouds
505,Horsham,GB,51.064,-0.3272,89.82,46,0,5.75,clear sky
506,Devecser,HU,47.1032,17.438,83.84,47,100,4.36,overcast clouds
507,Harlingen,US,26.1906,-97.6961,84.97,94,20,11.5,few clouds
508,Leua,SK,48.2156,18.6071,82.49,76,100,6.44,moderate rain
509,Wonthaggi,AU,-38.6044,145.5913,51.71,77,100,12.88,overcast clouds
510,Tura,IN,25.5198,90.2201,75.78,96,100,3.27,overcast clouds
511,Londoko,RU,49.0333,131.9833,67.35,81,93,1.59,overcast clouds
512,Knysna,ZA,-34.0363,23.0471,79.18,29,0,1.32,clear sky
513,Bani Walid,LY,31.7566,13.9942,92.01,22,0,23.0,clear sky
514,Monrovia,LR,6.3005,-10.7969,80.37,83,100,9.26,moderate rain
515,Fairbanks,US,64.8378,-147.7164,63.1,74,75,3.0,haze
516,Igreja Nova,BR,-10.1253,-36.6619,82.29,65,27,8.93,scattered clouds
517,Sechelt,CA,49.4664,-123.7694,62.76,82,100,2.57,overcast clouds
518,Fuyang,CN,32.9,115.8167,75.96,90,19,10.76,light rain
519,Sioux Lookout,CA,50.1001,-91.917,77.38,69,90,0.0,smoke
520,Sistranda,NO,63.7256,8.834,53.91,77,100,24.58,overcast clouds
521,Yatou,CN,37.15,122.3833,74.07,90,2,6.69,clear sky
522,Umkomaas,ZA,-30.2067,30.7978,67.68,63,0,10.13,clear sky
523,Nokaneng,BW,-19.6667,22.2667,73.27,18,0,7.27,clear sky
524,Mehran,IR,33.1222,46.1646,110.68,7,0,8.23,clear sky
525,Mizan Teferi,ET,6.9833,35.5833,66.72,94,100,1.03,light rain
526,Luderitz,NA,-26.6481,15.1594,80.58,26,0,8.05,clear sky
527,Iberia,US,29.9502,-91.7507,85.05,89,20,0.0,few clouds
528,Bagotville,AU,-28.9833,153.4167,52.65,74,80,4.99,broken clouds
529,Abha,SA,18.2164,42.5053,76.82,25,40,11.5,scattered clouds
530,Kudahuvadhoo,MV,2.6708,72.8944,83.21,72,46,7.27,scattered clouds
531,Haines Junction,CA,60.7522,-137.5108,44.55,81,6,0.0,clear sky
532,Gallup,US,35.5281,-108.7426,75.96,60,1,0.0,clear sky
533,Baykalovo,RU,57.3981,63.7684,68.05,75,93,9.89,light rain
534,Jizan,SA,17.3333,42.6667,94.14,24,24,24.38,few clouds
535,Pauini,BR,-7.7136,-66.9764,87.13,47,1,3.24,clear sky
536,Nemuro,JP,43.3236,145.575,66.09,88,0,4.63,clear sky
537,Nelidovo,RU,56.2211,32.7774,75.61,69,100,3.11,overcast clouds
538,Hamilton,US,39.1834,-84.5333,74.98,69,1,1.01,clear sky
539,Pustoshka,RU,56.3355,29.369,82.89,25,29,10.07,scattered clouds
540,Dharchula,IN,29.85,80.5333,74.05,99,100,2.37,heavy intensity rain
541,Santa Barbara,US,34.7333,-120.0343,55.49,40,97,1.5,overcast clouds
542,Ternate,ID,0.8,127.4,80.28,79,100,6.04,light rain
543,Havelock,US,34.8791,-76.9013,86.05,79,40,8.01,scattered clouds
544,Port Lincoln,AU,-34.7333,135.8667,52.77,82,99,11.88,overcast clouds
545,North Bend,US,43.4065,-124.2243,54.95,95,90,0.0,mist
546,Komsomolskoye,RU,55.2567,47.5461,80.71,61,75,6.76,broken clouds
547,Leshukonskoye,RU,64.8989,45.7622,78.35,29,39,8.84,scattered clouds
548,Amahai,ID,-3.3333,128.9167,75.09,86,100,1.83,overcast clouds
549,Zeya,RU,53.75,127.2667,65.17,70,100,3.53,overcast clouds
550,Betong,TH,5.7743,101.0723,74.16,96,73,1.59,broken clouds
551,Harper,LR,4.375,-7.7169,79.57,67,97,8.72,overcast clouds
552,Am Timan,TD,11.0297,20.2827,87.19,51,74,6.4,broken clouds
553,San Juan,AR,-31.5375,-68.5364,47.5,25,58,3.31,broken clouds
554,Pingdingshan,CN,33.7385,113.3012,76.51,91,37,6.11,scattered clouds
555,Bairiki,KI,1.3292,172.9752,82.4,78,75,5.75,broken clouds
556,Inirida,CO,3.8653,-67.9239,71.82,98,100,2.68,light rain
557,Junction City,US,39.0286,-96.8314,74.61,87,90,3.0,overcast clouds
558,Luyang,CN,27.6239,110.0989,75.9,88,32,1.21,scattered clouds
559,Trairi,BR,-3.2778,-39.2689,87.82,54,95,13.09,overcast clouds
560,Union,US,40.6334,-74.2663,81.99,88,75,6.91,broken clouds
561,Katubao,PH,5.8892,124.8294,80.64,82,84,2.06,broken clouds
562,Tilichiki,RU,60.4667,166.1,49.95,91,100,0.2,overcast clouds
563,Macenta,GN,8.5435,-9.471,79.36,70,98,2.84,light rain
564,Ongandjera,NA,-17.8833,15.0667,79.63,23,1,9.1,clear sky
565,Tukrah,LY,32.5341,20.5791,82.29,55,56,14.79,broken clouds
566,Cartagena,CO,10.3997,-75.5144,85.62,74,0,3.44,clear sky
567,Puerto Escondido,MX,15.85,-97.0667,79.63,78,75,5.75,broken clouds
568,Inta,RU,66.0317,60.1659,66.88,53,82,6.73,broken clouds
569,Mandalgovi,MN,45.7625,106.2708,77.31,36,100,16.4,overcast clouds
570,Shakhunya,RU,57.6758,46.6114,81.14,43,0,4.99,clear sky
571,Diamantino,BR,-14.4086,-56.4461,82.63,44,0,11.3,clear sky
572,Wewak,PG,-3.5534,143.6268,79.29,84,97,7.52,overcast clouds
573,Marang,MY,5.2056,103.2059,85.91,83,100,3.29,overcast clouds
574,Kungurtug,RU,50.5994,97.5228,61.65,58,100,1.7,overcast clouds
575,Nyimba,ZM,-14.5566,30.8149,79.09,25,59,5.61,broken clouds
576,Yangshan,CN,28.7615,115.0287,72.48,97,96,1.07,overcast clouds
577,Sitka,US,57.0531,-135.33,57.09,88,75,0.0,light rain
578,Viradouro,BR,-20.8731,-48.2969,75.29,49,6,6.46,clear sky
579,Paka,MY,4.6374,103.4368,80.53,94,99,0.0,overcast clouds
580,Suntar,RU,62.1444,117.6319,71.06,65,94,5.37,overcast clouds
581,Afrikanda,RU,67.4429,32.7828,61.93,100,100,11.48,overcast clouds
582,Glamoc,BA,44.0458,16.8486,69.62,69,95,7.02,overcast clouds
583,Haradok,BY,55.4624,29.9816,80.71,49,75,9.51,broken clouds
584,Lovozero,RU,68.005,35.0117,67.35,66,100,13.98,overcast clouds
585,Chegutu,ZW,-18.1302,30.1407,69.73,19,4,5.23,clear sky
586,Pestravka,RU,52.405,49.9583,91.2,29,9,4.36,clear sky
587,Sambava,MG,-14.2667,50.1667,74.52,75,3,14.5,clear sky
588,Socorro,US,31.6546,-106.3033,80.46,58,75,0.0,broken clouds
589,Turayf,SA,31.6725,38.6637,104.25,14,0,6.91,clear sky
590,Antofagasta,CL,-23.65,-70.4,54.68,63,100,3.58,overcast clouds
591,Narragansett,US,41.4501,-71.4495,80.02,72,75,3.0,broken clouds
592,Kalmunai,LK,7.4167,81.8167,82.49,76,68,5.46,light rain
593,Kahama,TZ,-3.8333,32.6,81.61,26,25,6.85,scattered clouds
594,Jedrzejow,PL,50.6394,20.3045,82.18,57,94,5.01,overcast clouds
595,Shediac,CA,46.2198,-64.5411,81.36,60,100,1.9,overcast clouds
596,Sainte-Anne-Des-Monts,CA,49.124,-66.4924,58.87,67,100,7.94,overcast clouds
597,Marapanim,BR,-0.7175,-47.6997,87.75,59,5,4.88,clear sky
598,Fukue,JP,32.6881,128.8419,79.38,84,100,9.08,overcast clouds
599,Forio,IT,40.7342,13.8646,82.42,83,80,1.99,light rain
600,Rosita,NI,13.9268,-84.4032,78.28,92,99,4.07,overcast clouds
601,Shahr-E Babak,IR,30.1165,55.1186,83.41,38,94,10.11,overcast clouds
602,Huangchuan,CN,32.1272,115.0394,76.93,93,100,4.05,light rain
603,Domoni,KM,-12.2569,44.5319,76.32,74,57,11.5,broken clouds
604,Arrecife,ES,28.963,-13.5477,94.98,34,0,21.85,clear sky
605,La Ronge,CA,55.1001,-105.2842,52.05,93,90,8.05,smoke
606,Port Arthur,CN,38.8,121.2667,77.22,88,0,9.33,clear sky
607,High Prairie,CA,55.4334,-116.4858,52.9,91,100,4.79,overcast clouds
608,Dong Hoi,VN,17.4833,106.6,83.91,77,93,5.35,overcast clouds
609,Shatalovo,RU,54.334,32.4465,83.1,55,36,11.56,scattered clouds
610,Hulyaypole,UA,47.6653,36.2578,84.87,54,98,7.47,overcast clouds
611,Bonavista,CA,48.6499,-53.1147,77.0,68,10,7.74,clear sky
612,Elko,US,41.0002,-115.5012,72.05,26,6,2.39,clear sky
613,Olafsvik,IS,64.8945,-23.7142,51.35,82,69,11.97,broken clouds
614,Kurilsk,RU,45.2333,147.8833,63.05,88,6,6.96,clear sky
615,Asau,RO,46.4333,26.4,81.52,80,88,4.29,overcast clouds
616,La Asuncion,VE,11.0333,-63.8628,71.33,100,0,14.97,clear sky
617,Hokitika,NZ,-42.7167,170.9667,44.83,85,38,5.77,scattered clouds
618,Omboue,GA,-1.5746,9.2618,78.39,67,7,11.32,clear sky
619,Coihaique,CL,-45.5752,-72.0662,41.61,75,90,4.61,overcast clouds
620,Waipawa,NZ,-41.4122,175.5153,48.83,94,89,4.94,overcast clouds
621,Urusha,RU,54.05,122.9,66.0,65,100,2.62,overcast clouds
622,Sao Gabriel,BR,-30.3364,-54.32,45.97,61,3,20.07,clear sky
623,Diego De Almagro,CL,-26.3667,-70.05,68.4,10,100,0.56,overcast clouds
624,Mbanza-Ngungu,CD,-5.25,14.8667,91.49,23,74,4.25,broken clouds
625,Raudeberg,NO,61.9875,5.1352,55.0,74,98,3.06,overcast clouds
626,Piuma,BR,-20.8378,-40.7219,79.0,58,1,5.79,clear sky
627,Bambanglipuro,ID,-7.95,110.2833,76.1,83,16,6.8,few clouds
628,Kavaratti,IN,10.5669,72.642,82.29,78,100,20.4,overcast clouds
629,Etchojoa,MX,26.9167,-109.6333,81.09,69,89,5.77,overcast clouds
630,Edd,ER,13.9297,41.6925,94.37,54,49,11.3,scattered clouds
631,Ngunguru,NZ,-35.6167,174.5,53.17,82,67,15.64,broken clouds
632,Vawkavysk,BY,53.1561,24.4513,80.29,62,26,10.02,scattered clouds
633,Krasnovishersk,RU,60.4078,57.082,71.83,69,5,4.94,clear sky
634,Muskogee,US,35.5834,-95.3336,77.54,94,25,6.91,scattered clouds
635,Whitley Bay,GB,55.0397,-1.4471,76.01,73,20,11.5,few clouds
636,Marigot,MF,18.0667,-63.0833,86.09,72,75,13.8,broken clouds
637,Karachi,PK,24.9056,67.0822,85.82,74,75,28.77,broken clouds
638,Laurentides,CA,46.4334,-74.9826,67.71,59,71,2.04,broken clouds
639,Torrevieja,ES,37.9787,-0.6822,98.82,68,0,8.99,clear sky
640,Kununurra,AU,-15.7667,128.7333,62.58,72,100,0.0,overcast clouds
641,Aswan,EG,24.0934,32.907,108.66,9,24,9.6,few clouds
642,San Carlos De Bariloche,AR,-41.1456,-71.3082,34.45,65,90,0.0,overcast clouds
643,Gobabis,NA,-22.45,18.9667,67.14,13,0,9.08,clear sky
644,Nizhnyaya Tura,RU,58.6293,59.8118,65.55,80,86,7.18,overcast clouds
645,Banes,CU,20.9625,-75.7186,84.81,70,100,14.41,overcast clouds
646,Toamasina,MG,-18.1667,49.3833,73.4,83,75,8.05,light rain
647,Walvis Bay,NA,-22.9575,14.5053,85.77,22,7,4.81,clear sky
648,Trofors,NO,65.5333,13.4063,53.47,89,100,5.08,overcast clouds
649,Morant Bay,JM,17.8815,-76.4093,87.42,76,100,10.56,overcast clouds
650,Salinopolis,BR,-0.6136,-47.3561,84.78,67,5,8.99,clear sky
651,Ondjiva,AO,-17.0667,15.7333,81.88,20,8,6.55,clear sky
652,Kostomuksha,RU,64.571,30.5767,59.74,81,100,8.52,overcast clouds
653,Houston,US,29.7633,-95.3633,87.94,79,1,1.99,clear sky
654,Hartselle,US,34.4434,-86.9353,74.79,100,100,5.01,overcast clouds
655,Kropotkin,RU,45.4375,40.5756,99.79,18,0,7.36,clear sky
656,Tessalit,ML,20.1986,1.0114,108.54,10,25,3.74,scattered clouds
657,Dunedin,NZ,-45.8742,170.5036,46.8,93,99,6.91,overcast clouds
658,Mantua,IT,45.1667,10.7833,94.08,54,70,3.0,broken clouds
659,Sinnamary,GF,5.3833,-52.95,83.71,70,60,6.11,broken clouds
660,Tyup,KG,42.7276,78.3648,62.44,68,100,3.91,overcast clouds
661,Tamasane,BW,-22.4184,27.4013,67.93,23,0,11.12,clear sky
662,Saint-Francois,FR,46.4154,3.9054,83.68,40,0,13.8,clear sky
663,Megion,RU,61.0296,76.1136,64.42,71,99,9.1,overcast clouds
664,Bhatkal,IN,13.9667,74.5667,76.21,94,100,12.12,light rain
665,Ixtapa,MX,20.7,-105.2,79.23,88,90,4.61,overcast clouds
666,Sherman,US,33.6357,-96.6089,82.22,79,75,14.97,broken clouds
667,Maridi,SS,4.9158,29.4742,78.75,68,68,3.44,light rain
668,Coos Bay,US,43.3665,-124.2179,55.02,95,90,0.0,mist
669,Silver City,US,32.7701,-108.2803,71.67,61,1,8.05,clear sky
670,Goderich,CA,43.7501,-81.7165,75.04,83,48,10.36,scattered clouds
671,Southbridge,US,42.0751,-72.0334,75.6,97,100,0.47,overcast clouds
672,Talara,PE,-4.5772,-81.2719,70.56,78,75,19.57,broken clouds
673,Saint-Louis,SN,16.3333,-15.0,99.75,29,11,5.32,few clouds
674,Zabaykalsk,RU,49.6333,117.3167,63.19,97,100,11.72,overcast clouds
675,Tucuman,AR,-26.8241,-65.2226,50.0,57,95,4.61,overcast clouds
676,Arandis,NA,-22.4167,14.9667,86.0,16,17,4.7,few clouds
677,Glowno,PL,51.9646,19.7157,83.91,55,100,11.12,overcast clouds
678,Bukoba,TZ,-1.3317,31.8122,75.04,42,100,9.35,overcast clouds
679,Chagoda,RU,59.164,35.3285,84.81,26,19,7.56,few clouds
680,Gigmoto,PH,13.7796,124.39,82.42,83,98,11.48,overcast clouds
681,Menongue,AO,-14.6585,17.691,79.95,19,3,7.07,clear sky
682,Cooma,AU,-36.2333,149.1333,32.52,94,32,2.04,scattered clouds
683,Newport,GB,51.5877,-2.9984,87.17,66,70,3.04,broken clouds
684,San Quintin,MX,30.4833,-115.95,68.83,88,23,6.02,few clouds
685,Half Moon Bay,US,37.4636,-122.4286,63.75,89,1,0.0,clear sky
686,Murgab,TM,37.4966,61.9714,100.27,19,0,6.91,clear sky
687,Alvorada,BR,-12.48,-49.1247,93.72,20,23,4.38,few clouds
688,Auki,SB,-8.7676,160.7034,77.49,89,100,5.17,overcast clouds
689,Miles City,US,46.4083,-105.8406,70.77,52,1,8.05,clear sky
690,Angoche,MZ,-16.2325,39.9086,73.44,72,99,6.98,overcast clouds
691,Kibre Mengist,ET,5.8833,38.9833,68.92,58,96,5.75,overcast clouds
692,Port Hawkesbury,CA,45.6169,-61.3485,79.9,67,1,5.99,clear sky
693,Zhanaozen,KZ,43.3,52.8,99.0,15,59,12.3,broken clouds
694,Rudnogorsk,RU,57.2639,103.7519,58.8,66,100,2.82,overcast clouds
695,Baringo,KE,0.4667,35.9667,78.19,59,72,9.57,light rain
696,Beterou,BJ,9.1992,2.2586,86.79,57,96,6.2,overcast clouds
697,Lima,PE,-12.0432,-77.0282,59.25,88,90,8.05,overcast clouds
698,Ilo,PE,-17.6394,-71.3375,61.3,76,18,4.12,few clouds
699,Shenjiamen,CN,29.9576,122.298,77.81,87,99,8.23,overcast clouds
700,Port-De-Bouc,FR,43.4,4.9833,96.75,34,0,17.27,clear sky
701,Russell,US,32.3502,-85.1999,78.8,83,40,0.0,light intensity drizzle
702,Gao,ML,16.6362,1.637,103.86,23,38,13.69,scattered clouds
703,Belaya Gora,RU,68.5333,146.4167,41.67,68,83,4.05,broken clouds
704,Hermitage,US,41.2334,-80.4487,74.89,80,20,10.36,few clouds
705,Alice Springs,AU,-23.7,133.8833,45.95,66,51,0.0,broken clouds
706,Ondarroa,ES,43.3167,-2.4167,84.15,61,7,6.11,clear sky
707,Horki,BY,54.2861,30.9842,83.1,55,28,9.31,scattered clouds
708,El Vigia,VE,8.6219,-71.6506,84.13,60,45,4.7,scattered clouds
709,Gamba,GA,-2.65,10.0,76.41,68,11,10.69,few clouds
710,Yar-Sale,RU,66.8333,70.8333,57.27,59,18,9.82,few clouds
711,San Jeronimo,PE,-11.9472,-75.2829,50.97,56,24,1.28,few clouds
712,Anda,CN,46.4,125.3167,78.22,70,5,9.31,clear sky
713,Sidi Ali,DZ,36.0998,0.4206,80.1,49,0,10.11,clear sky
714,Lubao,PH,14.9167,120.55,79.14,89,100,5.08,moderate rain
715,La Grande,US,45.3246,-118.0877,64.0,47,0,2.24,clear sky
716,Kjollefjord,NO,70.9457,27.3465,50.95,83,92,12.64,overcast clouds
717,Capinota,BO,-17.7167,-66.2333,63.81,54,3,2.42,clear sky
718,Mogzon,RU,51.7435,111.9606,59.38,74,60,4.43,broken clouds
719,Rawa Mazowiecka,PL,51.7644,20.2549,82.29,69,100,8.9,overcast clouds
720,Mangochi,MW,-14.4782,35.2645,73.11,49,20,8.21,few clouds
721,Svetlyy,RU,54.675,20.1347,73.45,72,3,16.91,clear sky
722,Mecca,SA,21.4267,39.8261,97.3,18,100,12.73,overcast clouds
723,Atasu,KZ,48.6814,71.6433,79.39,36,93,14.45,overcast clouds
724,Can Tho,VN,10.0333,105.7833,76.98,94,40,3.44,scattered clouds
725,Masunga,BW,-20.6246,27.4488,67.41,20,0,11.36,clear sky
726,Inyonga,TZ,-6.7167,32.0667,81.66,23,38,7.31,scattered clouds
727,Khurba,RU,50.4072,136.8819,69.08,83,100,3.24,overcast clouds
728,Tecalitlan,MX,19.4667,-103.3,68.45,90,99,2.84,overcast clouds
729,Valparaiso,CL,-33.0393,-71.6273,71.83,19,0,0.0,clear sky
730,Ndele,CF,8.4109,20.6473,79.77,78,97,1.83,light rain
731,La Rioja,ES,42.25,-2.5,82.49,33,0,13.58,clear sky
732,Orlik,RU,52.5178,99.825,54.43,80,59,1.92,broken clouds
733,Ewa Beach,US,21.3156,-158.0072,78.75,69,75,10.0,broken clouds
734,Eganville,CA,45.5334,-77.0994,76.35,60,47,3.4,scattered clouds
735,Cherepovets,RU,59.1333,37.9,82.22,39,0,11.18,clear sky
736,Maraba,BR,-5.3686,-49.1178,89.78,62,40,5.75,scattered clouds
737,Kalianget,ID,-7.05,113.9333,80.91,75,24,12.91,few clouds
738,Gunzenhausen,DE,49.1,10.75,79.9,54,0,10.22,clear sky
739,Mirandopolis,BR,-21.1336,-51.1017,67.05,41,99,12.33,overcast clouds
